"Reservoir","Site","Date","Genus","Depth_m","BV_um3mL"
"FCR","50","2016-04-25","Ankistrodesmus","5",17513.6130097331
"FCR","50","2016-04-25","Aphanocapsa","5",2467.40110027234
"FCR","50","2016-04-25","Asterionella","5",12835.1203166412
"FCR","50","2016-04-25","Chlorophyte sp. 1","5",19153.201040864
"FCR","50","2016-04-25","Cryptomonas","5",6932.71170257075
"FCR","50","2016-04-25","Dinobryon","5",8910.05952876122
"FCR","50","2016-04-25","Dolichospermum","5",6199.34526443425
"FCR","50","2016-04-25","Elakatothrix","5",236.459272109433
"FCR","50","2016-04-25","Parvodinium","5",986.960440108936
"FCR","50","2016-04-25","Pseudanabaena","5",3469.78279725798
"FCR","50","2016-04-25","Rhodomonas","5",2220.66099024511
"FCR","50","2016-04-25","Synedra","5",17998.7079111915
"FCR","50","2016-05-02","Ankistrodesmus","6.2",15109.1906090722
"FCR","50","2016-05-02","Aphanocapsa","6.2",114.231532420016
"FCR","50","2016-05-02","Asterionella","6.2",51530.9346397446
"FCR","50","2016-05-02","Chlorophyte sp. 1","6.2",23902.9481588883
"FCR","50","2016-05-02","Cryptomonas","6.2",50401.4905822091
"FCR","50","2016-05-02","Cyclotella","6.2",14690.8890162916
"FCR","50","2016-05-02","Dinobryon","6.2",42808.2667744009
"FCR","50","2016-05-02","Dolichospermum","6.2",1597.64221242634
"FCR","50","2016-05-02","Elakatothrix","6.2",1199.43109041016
"FCR","50","2016-05-02","Parvodinium","6.2",31413.6714155043
"FCR","50","2016-05-02","Pseudanabaena","6.2",5825.8081534208
"FCR","50","2016-05-02","Rhodomonas","6.2",17271.8077019064
"FCR","50","2016-05-02","Synedra","6.2",91629.7857297023
"FCR","50","2016-05-09","Ankistrodesmus","5",21037.9205332657
"FCR","50","2016-05-09","Aphanocapsa","5",161.268045769434
"FCR","50","2016-05-09","Chlorophyte sp. 1","5",12300.7201910636
"FCR","50","2016-05-09","Cryptomonas","5",22711.9164458619
"FCR","50","2016-05-09","Dictyosphaerium","5",1306.27117073242
"FCR","50","2016-05-09","Dinobryon","5",36365.9443210074
"FCR","50","2016-05-09","Dolichospermum","5",86181.6436591855
"FCR","50","2016-05-09","Elakatothrix","5",532.184551039132
"FCR","50","2016-05-09","Parvodinium","5",12840.9681443912
"FCR","50","2016-05-09","Pseudanabaena","5",7861.81723125991
"FCR","50","2016-05-09","Rhodomonas","5",8190.86855184786
"FCR","50","2016-05-09","Synedra","5",5543.98703574669
"FCR","50","2016-05-16","Ankistrodesmus","5",14972.6384948344
"FCR","50","2016-05-16","Asterionella","5",1458.53639961831
"FCR","50","2016-05-16","Chlorophyte sp. 1","5",5804.1747781174
"FCR","50","2016-05-16","Dinobryon","5",32230.4268723074
"FCR","50","2016-05-16","Dolichospermum","5",28213.4978810641
"FCR","50","2016-05-16","Parvodinium","5",7895.68352087149
"FCR","50","2016-05-16","Pseudanabaena","5",10448.462306943
"FCR","50","2016-05-16","Rhodomonas","5",12542.2234878227
"FCR","50","2016-05-16","Synura","5",24211.7097602087
"FCR","50","2016-05-23","Ankistrodesmus","6",11467.9534211225
"FCR","50","2016-05-23","Asterionella","6",10354.6869821248
"FCR","50","2016-05-23","Chlorophyte sp. 1","6",3961.08690661984
"FCR","50","2016-05-23","Cryptomonas","6",49348.0220054468
"FCR","50","2016-05-23","Dictyosphaerium","6",1387.91311890319
"FCR","50","2016-05-23","Dinobryon","6",5140.41895890071
"FCR","50","2016-05-23","Dolichospermum","6",43025.3066859989
"FCR","50","2016-05-23","Parvodinium","6",3084.25137534042
"FCR","50","2016-05-23","Pseudanabaena","6",32563.1147873275
"FCR","50","2016-05-23","Rhodomonas","6",7489.50474946902
"FCR","50","2016-05-23","Selenastrum","6",64.2552369862588
"FCR","50","2016-05-23","Synura","6",359829.327123049
"FCR","50","2016-05-30","Ankistrodesmus","6.2",11522.4468047974
"FCR","50","2016-05-30","Asterionella","6.2",2468.29236858484
"FCR","50","2016-05-30","Chlorophyte sp. 1","6.2",17809.9858418927
"FCR","50","2016-05-30","Cryptomonas","6.2",6200.13609812024
"FCR","50","2016-05-30","Dictyosphaerium","6.2",142.35006347725
"FCR","50","2016-05-30","Dinobryon","6.2",1054.4449146463
"FCR","50","2016-05-30","Dolichospermum","6.2",67516.6351072598
"FCR","50","2016-05-30","Parvodinium","6.2",14412.9439270716
"FCR","50","2016-05-30","Pseudanabaena","6.2",73448.3622523569
"FCR","50","2016-05-30","Rhodomonas","6.2",6601.82688835475
"FCR","50","2016-05-30","Synura","6.2",55358.3580189307
"FCR","50","2016-06-06","Ankistrodesmus","3.8",19569.574976535
"FCR","50","2016-06-06","Chlorophyte sp. 1","3.8",27239.9230919241
"FCR","50","2016-06-06","Cryptomonas","3.8",20541.1141597672
"FCR","50","2016-06-06","Dictyosphaerium","3.8",1480.4406601634
"FCR","50","2016-06-06","Dinobryon","3.8",28786.346169844
"FCR","50","2016-06-06","Dolichospermum","3.8",646360.392227342
"FCR","50","2016-06-06","Fragilaria","3.8",12566.3706143592
"FCR","50","2016-06-06","Parvodinium","3.8",226499.710376562
"FCR","50","2016-06-06","Pseudanabaena","3.8",83398.1571892051
"FCR","50","2016-06-06","Rhodomonas","3.8",1852.07391230319
"FCR","50","2016-06-13","Ankistrodesmus","5",14079.607528429
"FCR","50","2016-06-13","Asterionella","5",3470.57946695944
"FCR","50","2016-06-13","Chlorophyte sp. 1","5",22258.9736369124
"FCR","50","2016-06-13","Cryptomonas","5",19739.2088021787
"FCR","50","2016-06-13","Dinobryon","5",13049.8102636626
"FCR","50","2016-06-13","Dolichospermum","5",69718.4742557785
"FCR","50","2016-06-13","Oocystis","5",2467.40110027234
"FCR","50","2016-06-13","Parvodinium","5",26513.9002182351
"FCR","50","2016-06-13","Pseudanabaena","5",50120.318549832
"FCR","50","2016-06-13","Rhodomonas","5",2359.45230213542
"FCR","50","2016-06-20","Ankistrodesmus","3.8",6289.45378500793
"FCR","50","2016-06-20","Asterionella","3.8",1887.5176936237
"FCR","50","2016-06-20","Chlorophyte sp. 1","3.8",8976.82853141091
"FCR","50","2016-06-20","Cryptomonas","3.8",12385.3859150925
"FCR","50","2016-06-20","Dinobryon","3.8",2064.23098584875
"FCR","50","2016-06-20","Dolichospermum","3.8",544.27965447184
"FCR","50","2016-06-20","Parvodinium","3.8",20755.4494718477
"FCR","50","2016-06-20","Pseudanabaena","3.8",17913.3319879772
"FCR","50","2016-06-20","Rhodomonas","3.8",1007.92528605896
"FCR","50","2016-06-20","Selenastrum","3.8",181.426551490613
"FCR","50","2016-06-27","Ankistrodesmus","5",29886.3958270487
"FCR","50","2016-06-27","Aphanocapsa","5",685.389194520094
"FCR","50","2016-06-27","Asterionella","5",5893.96138272228
"FCR","50","2016-06-27","Chlorophyte sp. 1","5",25408.2547390289
"FCR","50","2016-06-27","Cryptomonas","5",29852.5071390974
"FCR","50","2016-06-27","Cyclotella","5",10280.8379178014
"FCR","50","2016-06-27","Dictyosphaerium","5",438.64908449286
"FCR","50","2016-06-27","Dolichospermum","5",6670.55033566682
"FCR","50","2016-06-27","Nitzchia","5",8835.72933822129
"FCR","50","2016-06-27","Parvodinium","5",10527.5780278286
"FCR","50","2016-06-27","Pseudanabaena","5",68990.8479521461
"FCR","50","2016-06-27","Rhodomonas","5",3630.8492579702
"FCR","50","2016-06-27","Selenastrum","5",102.808379178014
"FCR","50","2016-06-27","Synedra","5",24543.6926061703
"FCR","50","2016-06-27","Woronichinia","5",657.97362673929
"FCR","50","2016-07-05","Ankistrodesmus","3.8",3773.38879201805
"FCR","50","2016-07-05","Aphanocapsa","3.8",980.106548163735
"FCR","50","2016-07-05","Chlorophyte sp. 1","3.8",21439.3509686455
"FCR","50","2016-07-05","Cryptomonas","3.8",32462.2254978941
"FCR","50","2016-07-05","Pseudanabaena","3.8",30848.9392771029
"FCR","50","2016-07-05","Rhodomonas","3.8",1812.78448183274
"FCR","50","2016-07-05","Synura","3.8",14804.406601634
"FCR","50","2016-07-11","Ankistrodesmus","3.8",4979.78086643506
"FCR","50","2016-07-11","Aphanocapsa","3.8",41116.4977792604
"FCR","50","2016-07-11","Chlorophyte sp. 1","3.8",35715.6309264421
"FCR","50","2016-07-11","Cryptomonas","3.8",43508.5060681356
"FCR","50","2016-07-11","Euglena","3.8",37751.2368341668
"FCR","50","2016-07-11","Merismopedia","3.8",9817.4770424681
"FCR","50","2016-07-11","Oocystis","3.8",1091.48229227325
"FCR","50","2016-07-11","Parvodinium","3.8",45130.4110580479
"FCR","50","2016-07-11","Pseudanabaena","3.8",97876.1471869489
"FCR","50","2016-07-11","Rhodomonas","3.8",6395.5036519059
"FCR","50","2016-07-11","Synura","3.8",5263.78901391432
"FCR","50","2016-07-11","Trachelomonas","3.8",3509.19267594288
"FCR","50","2016-07-18","Ankistrodesmus","3.8",462.637706301064
"FCR","50","2016-07-18","Aphanocapsa","3.8",22261.4410380127
"FCR","50","2016-07-18","Asterionella","3.8",20046.6739973937
"FCR","50","2016-07-18","Chlorophyte sp. 1","3.8",45256.7419943819
"FCR","50","2016-07-18","Cryptomonas","3.8",54322.3026235958
"FCR","50","2016-07-18","Dinobryon","3.8",8138.99668492612
"FCR","50","2016-07-18","Dolichospermum","3.8",8422.48736356352
"FCR","50","2016-07-18","Euglena","3.8",14256.095246018
"FCR","50","2016-07-18","Gloeodinium","3.8",35091.9267594288
"FCR","50","2016-07-18","Oocystis","3.8",3838.17948931253
"FCR","50","2016-07-18","Parvodinium","3.8",91239.009574515
"FCR","50","2016-07-18","Pseudanabaena","3.8",185556.273368918
"FCR","50","2016-07-18","Rhodomonas","3.8",17543.2218229363
"FCR","50","2016-07-18","Woronichinia","3.8",1096.62271123215
"FCR","50","2016-07-25","Chlorophyte sp. 1","6",21050.0156366984
"FCR","50","2016-07-25","Cryptomonas","6",460610.096600608
"FCR","50","2016-07-25","Cyclotella","6",6425.52369862588
"FCR","50","2016-07-25","Dolichospermum","6",49262.3483561318
"FCR","50","2016-07-25","Prorocentrum","6",21418.4123287529
"FCR","50","2016-07-25","Pseudanabaena","6",204345.753051162
"FCR","50","2016-07-25","Rhodomonas","6",3109.95347013492
"FCR","50","2016-07-25","Selenastrum","6",334.127232328546
"FCR","50","2016-07-25","Synedra","6",17998.7079111915
"FCR","50","2016-07-25","Synura","6",32508.0094960881
"FCR","50","2016-08-01","Ankistrodesmus","6.2",53.7950821280307
"FCR","50","2016-08-01","Chlorophyte sp. 1","6.2",2196.90025038203
"FCR","50","2016-08-01","Cryptomonas","6.2",2942826.83004333
"FCR","50","2016-08-01","Cyclotella","6.2",1742.96066094819
"FCR","50","2016-08-01","Dictyosphaerium","6.2",688.577051238792
"FCR","50","2016-08-01","Microcystis","6.2",3940.19090431087
"FCR","50","2016-08-01","Nitzchia","6.2",684.940258776844
"FCR","50","2016-08-01","Oocystis","6.2",178.519976247094
"FCR","50","2016-08-01","Pseudanabaena","6.2",1581.5754145641
"FCR","50","2016-08-01","Rhodomonas","6.2",597.723134755896
"FCR","50","2016-08-01","Trachelomonas","6.2",89561.1258206222
"FCR","50","2016-08-01","Woronichinia","6.2",13580.269621654
"FCR","50","2016-08-08","Chlorophyte sp. 1","5",2660.02862792577
"FCR","50","2016-08-08","Cryptomonas","5",2930011.74475488
"FCR","50","2016-08-08","Cyclotella","5",42853.7228175502
"FCR","50","2016-08-08","Dolichospermum","5",21490.2676475333
"FCR","50","2016-08-08","Elakatothrix","5",165.819966416152
"FCR","50","2016-08-08","Oocystis","5",247.624483181453
"FCR","50","2016-08-08","Parvodinium","5",5924.60921674376
"FCR","50","2016-08-08","Pseudanabaena","5",522.332894210878
"FCR","50","2016-08-08","Rhodomonas","5",1749.2016617307
"FCR","50","2016-08-08","Selenastrum","5",601.727494130932
"FCR","50","2016-08-08","Trachelomonas","5",86275.9074330352
"FCR","50","2016-08-08","Woronichinia","5",21755.5795937991
"FCR","50","2016-08-15","Ankistrodesmus","5",870.78697163778
"FCR","50","2016-08-15","Asterionella","5",1334.83825652286
"FCR","50","2016-08-15","Chlorophyte sp. 1","5",14240.9376003699
"FCR","50","2016-08-15","Cryptomonas","5",987340.040278209
"FCR","50","2016-08-15","Cyclotella","5",138113.994471621
"FCR","50","2016-08-15","Dictyosphaerium","5",569.400253909001
"FCR","50","2016-08-15","Elakatothrix","5",284.700126954501
"FCR","50","2016-08-15","Nitzchia","5",1132.78581259247
"FCR","50","2016-08-15","Oocystis","5",5694.00253909001
"FCR","50","2016-08-15","Pandorina","5",21088.898292926
"FCR","50","2016-08-15","Parvodinium","5",17431.0499729163
"FCR","50","2016-08-15","Pseudanabaena","5",1578.8994540685
"FCR","50","2016-08-15","Rhodomonas","5",142.35006347725
"FCR","50","2016-08-15","Staurastrum","5",16607.5074056792
"FCR","50","2016-08-15","Trachelomonas","5",60630.5825921622
"FCR","50","2016-08-15","Woronichinia","5",36599.782987373
"FCR","50","2016-08-26","Ankistrodesmus","3.8",731.0818074881
"FCR","50","2016-08-26","Chlorophyte sp. 1","3.8",33675.5083039255
"FCR","50","2016-08-26","Cryptomonas","3.8",79200.5291445442
"FCR","50","2016-08-26","Cyclotella","3.8",265642.705363014
"FCR","50","2016-08-26","Dictyosphaerium","3.8",555.165247561276
"FCR","50","2016-08-26","Dolichospermum","3.8",5354.60308218824
"FCR","50","2016-08-26","Merismopedia","3.8",39269.9081698724
"FCR","50","2016-08-26","Oocystis","3.8",3070.54359145002
"FCR","50","2016-08-26","Parvodinium","3.8",46714.3729021517
"FCR","50","2016-08-26","Prorocentrum","3.8",102808.379178014
"FCR","50","2016-08-26","Pseudanabaena","3.8",83272.216924712
"FCR","50","2016-08-26","Rhodomonas","3.8",2837.51126531319
"FCR","50","2016-08-26","Selenastrum","3.8",102.808379178014
"FCR","50","2016-08-26","Staurastrum","3.8",14393.173084922
"FCR","50","2016-08-26","Woronichinia","3.8",310995.347013493
"FCR","50","2016-09-02","Ankistrodesmus","3.8",179.914663561525
"FCR","50","2016-09-02","Aphanocapsa","3.8",5208.95787835272
"FCR","50","2016-09-02","Chlorophyte sp. 1","3.8",15174.5167666749
"FCR","50","2016-09-02","Cyclotella","3.8",66829.0653206562
"FCR","50","2016-09-02","Dolichospermum","3.8",1973.92088021787
"FCR","50","2016-09-02","Elakatothrix","3.8",1418.7556326566
"FCR","50","2016-09-02","Nitzchia","3.8",2945.24311274043
"FCR","50","2016-09-02","Oocystis","3.8",370.110165040851
"FCR","50","2016-09-02","Parvodinium","3.8",5373.45128503754
"FCR","50","2016-09-02","Pseudanabaena","3.8",239091.16661639
"FCR","50","2016-09-02","Rhodomonas","3.8",4926.16629669372
"FCR","50","2016-09-02","Selenastrum","3.8",308.425137534042
"FCR","50","2016-09-02","Trachelomonas","3.8",23131.8853150532
"FCR","50","2016-09-09","Ankistrodesmus","3.8",1747.74244602624
"FCR","50","2016-09-09","Aphanocapsa","3.8",2686.72564251877
"FCR","50","2016-09-09","Chlorophyte sp. 1","3.8",38692.7970940307
"FCR","50","2016-09-09","Cryptomonas","3.8",138791.311890319
"FCR","50","2016-09-09","Cyclotella","3.8",72287.1416095412
"FCR","50","2016-09-09","Parvodinium","3.8",18245.0603581249
"FCR","50","2016-09-09","Polytomella","3.8",247850.440522356
"FCR","50","2016-09-09","Prorocentrum","3.8",38553.1421917553
"FCR","50","2016-09-09","Pseudanabaena","3.8",191609.116693024
"FCR","50","2016-09-09","Rhodomonas","3.8",4616.09622509284
"FCR","50","2016-09-09","Staurastrum","3.8",45132.8784591482
"FCR","50","2016-09-09","Woronichinia","3.8",30842.5137534042
"FCR","50","2016-09-20","Aphanocapsa","5",5017.04890388709
"FCR","50","2016-09-20","Chlorophyte sp. 1","5",10458.2091448989
"FCR","50","2016-09-20","Cryptomonas","5",34109.3528101648
"FCR","50","2016-09-20","Cyclotella","5",28424.4606751374
"FCR","50","2016-09-20","Dinobryon","5",308.425137534042
"FCR","50","2016-09-20","Dolichospermum","5",2945.03169520353
"FCR","50","2016-09-20","Nitzchia","5",3272.49234748937
"FCR","50","2016-09-20","Parvodinium","5",43372.2849657247
"FCR","50","2016-09-20","Platydorina","5",4112.33516712057
"FCR","50","2016-09-20","Pseudanabaena","5",35777.3159539489
"FCR","50","2016-09-20","Rhodomonas","5",4460.74134100161
"FCR","50","2016-09-20","Trachelomonas","5",34269.4597260047
"FCR","50","2016-09-30","Ankistrodesmus","2",359.829327123049
"FCR","50","2016-09-30","Aphanocapsa","2",75008.9934482791
"FCR","50","2016-09-30","Chlorophyte sp. 1","2",10117.8866368043
"FCR","50","2016-09-30","Cyclotella","2",12163.3735720833
"FCR","50","2016-09-30","Dolichospermum","2",261233.349934556
"FCR","50","2016-09-30","Elakatothrix","2",1213.13887430057
"FCR","50","2016-09-30","Pseudanabaena","2",58533.9506850023
"FCR","50","2016-09-30","Rhodomonas","2",45441.3035966823
"FCR","50","2016-09-30","Selenastrum","2",616.850275068085
"FCR","50","2016-09-30","Synedra","2",20943.951023932
"FCR","50","2016-10-07","Ankistrodesmus","1.6",693.956559451595
"FCR","50","2016-10-07","Aphanocapsa","1.6",34954.8489205248
"FCR","50","2016-10-07","Asterionella","1.6",18661.8942737929
"FCR","50","2016-10-07","Chlorophyte sp. 1","1.6",8768.83508523036
"FCR","50","2016-10-07","Cryptomonas","1.6",78334.9267613912
"FCR","50","2016-10-07","Dolichospermum","1.6",221894.751725881
"FCR","50","2016-10-07","Elakatothrix","1.6",452.356868383262
"FCR","50","2016-10-07","Parvodinium","1.6",65824.7782417098
"FCR","50","2016-10-07","Peridinium","1.6",215897.59627383
"FCR","50","2016-10-07","Prorocentrum","1.6",69395.6559451595
"FCR","50","2016-10-07","Pseudanabaena","1.6",49286.33697794
"FCR","50","2016-10-07","Rhodomonas","1.6",8035.63999439249
"FCR","50","2016-10-07","Selenastrum","1.6",205.616758356028
"FCR","50","2017-01-19","Ankistrodesmus","0.1",28125.3553406723
"FCR","50","2017-01-19","Aphanocapsa","0.1",2288.60391909318
"FCR","50","2017-01-19","Asterionella","0.1",16856.5461611134
"FCR","50","2017-01-19","Chlorophyte sp. 1","0.1",8831.15037280083
"FCR","50","2017-01-19","Cyclotella","0.1",1340.97885884366
"FCR","50","2017-01-19","Dictyosphaerium","0.1",1931.00955673487
"FCR","50","2017-01-19","Dinobryon","0.1",17134.7298630024
"FCR","50","2017-01-19","Parvodinium","0.1",9655.04778367437
"FCR","50","2017-01-19","Pseudanabaena","0.1",43722.9674926069
"FCR","50","2017-01-19","Rhodomonas","0.1",5950.37018964228
"FCR","50","2017-01-19","Selenastrum","0.1",3623.62287189754
"FCR","50","2017-01-19","Synedra","0.1",6402.70241900094
"FCR","50","2017-05-01","Ankistrodesmus","0.1",1165.16163068416
"FCR","50","2017-05-01","Aphanocapsa","0.1",456.926129680063
"FCR","50","2017-05-01","Chlorophyte sp. 1","0.1",10820.0107508239
"FCR","50","2017-05-01","Cryptomonas","0.1",63969.6581552088
"FCR","50","2017-05-01","Navicula","0.1",2056.16758356028
"FCR","50","2017-05-01","Parvodinium","0.1",7895.68352087149
"FCR","50","2017-05-01","Pseudanabaena","0.1",193074.136096311
"FCR","50","2017-05-01","Rhodomonas","0.1",3694.24775846331
"FCR","50","2017-05-01","Selenastrum","0.1",205.616758356028
"FCR","50","2017-05-01","Synedra","0.1",6544.98469497874
"FCR","50","2017-05-08","Ankistrodesmus","2",4565.33458787369
"FCR","50","2017-05-08","Chlorophyte sp. 1","2",11988.512511516
"FCR","50","2017-05-08","Cryptomonas","2",95488.4225805395
"FCR","50","2017-05-08","Cyclotella","2",4112.33516712057
"FCR","50","2017-05-08","Parvodinium","2",14262.1266709297
"FCR","50","2017-05-08","Pseudanabaena","2",106036.562284204
"FCR","50","2017-05-08","Rhodomonas","2",1069.20714345135
"FCR","50","2017-05-15","Ankistrodesmus","7",5672.55512952611
"FCR","50","2017-05-15","Chlorophyte sp. 1","7",20276.3825833838
"FCR","50","2017-05-15","Cryptomonas","7",61068.1772317404
"FCR","50","2017-05-15","Cyclotella","7",4112.33516712057
"FCR","50","2017-05-15","Dictyosphaerium","7",2220.66099024511
"FCR","50","2017-05-15","Gloeodinium","7",8108.91571472218
"FCR","50","2017-05-15","Parvodinium","7",31326.1243690576
"FCR","50","2017-05-15","Pseudanabaena","7",260049.297264198
"FCR","50","2017-05-15","Rhodomonas","7",13498.5140076391
"FCR","50","2017-05-22","Ankistrodesmus","3.8",4533.84952175042
"FCR","50","2017-05-22","Chlorophyte sp. 1","3.8",11103.3049512255
"FCR","50","2017-05-22","Cryptomonas","3.8",38077.1774733386
"FCR","50","2017-05-22","Cyclotella","3.8",8031.90462328235
"FCR","50","2017-05-22","Dictyosphaerium","3.8",5181.54231057191
"FCR","50","2017-05-22","Gloeodinium","3.8",2350.88493720392
"FCR","50","2017-05-22","Microcystis","3.8",6847.03805325574
"FCR","50","2017-05-22","Parvodinium","3.8",14989.4616841545
"FCR","50","2017-05-22","Pseudanabaena","3.8",82359.1500071373
"FCR","50","2017-05-22","Rhodomonas","3.8",5597.91624624287
"FCR","50","2017-05-22","Selenastrum","3.8",71.9658654246099
"FCR","50","2017-05-29","Ankistrodesmus","3",848.169128218617
"FCR","50","2017-05-29","Chlorophyte sp. 1","3",1487.20993615866
"FCR","50","2017-05-29","Cyclotella","3",28215.6547588966
"FCR","50","2017-05-29","Dictyosphaerium","3",2220.66099024511
"FCR","50","2017-05-29","Parvodinium","3",15763.4031626066
"FCR","50","2017-05-29","Pseudanabaena","3",154418.185525377
"FCR","50","2017-05-29","Rhodomonas","3",4837.95670735899
"FCR","50","2017-06-05","Ankistrodesmus","3.8",3701.10165040851
"FCR","50","2017-06-05","Chlorophyte sp. 1","3.8",1523.08709893354
"FCR","50","2017-06-05","Cryptomonas","3.8",6579.7362673929
"FCR","50","2017-06-05","Dinobryon","3.8",4797.72436164066
"FCR","50","2017-06-05","Pseudanabaena","3.8",96948.3015648673
"FCR","50","2017-06-05","Rhodomonas","3.8",2220.66099024511
"FCR","50","2017-06-12","Ankistrodesmus","5",205.616758356028
"FCR","50","2017-06-12","Chlorophyte sp. 1","5",4923.31756996886
"FCR","50","2017-06-12","Chlorophyte sp. 4","5",1476.65232716096
"FCR","50","2017-06-12","Cryptomonas","5",137610.458585567
"FCR","50","2017-06-12","Cyclotella","5",4638.77510502654
"FCR","50","2017-06-12","Dictyosphaerium","5",1009.94963985531
"FCR","50","2017-06-12","Dinobryon","5",8473.90276861207
"FCR","50","2017-06-12","Fragilaria","5",1615.02617472371
"FCR","50","2017-06-12","Oocystis","5",269.171029120619
"FCR","50","2017-06-12","Parvodinium","5",20346.1894728457
"FCR","50","2017-06-12","Pseudanabaena","5",1570.16433653694
"FCR","50","2017-06-12","Rhodomonas","5",30842.5137534042
"FCR","50","2017-06-12","Spondylosium","5",2930.97342820229
"FCR","50","2017-06-12","Synedra","5",11156.2239118956
"FCR","50","2017-06-19","Ankistrodesmus","2",9047.13736766524
"FCR","50","2017-06-19","Chlorophyte sp. 1","2",20719.8088305625
"FCR","50","2017-06-19","Cryptomonas","2",121145.538709153
"FCR","50","2017-06-19","Dolichospermum","2",5551.65247561276
"FCR","50","2017-06-19","Gloeodinium","2",47374.1011252289
"FCR","50","2017-06-19","Nitzchia","2",2748.89357189107
"FCR","50","2017-06-19","Peridinium","2",13707.7838904019
"FCR","50","2017-06-19","Pseudanabaena","2",286537.233607043
"FCR","50","2017-06-19","Rhodomonas","2",2220.66099024511
"FCR","50","2017-06-19","Selenastrum","2",822.467033424113
"FCR","50","2017-06-19","Synedra","2",23561.9449019234
"FCR","50","2017-06-26","Chlorophyte sp. 1","4",8757.62897189996
"FCR","50","2017-06-26","Chlorophyte sp. 4","4",2056.16758356028
"FCR","50","2017-06-26","Cryptomonas","4",103286.009772945
"FCR","50","2017-06-26","Cyclotella","4",4441.32198049021
"FCR","50","2017-06-26","Dolichospermum","4",47362.963550818
"FCR","50","2017-06-26","Oochromonas","4",5702.43809840718
"FCR","50","2017-06-26","Parvodinium","4",12096.3577397302
"FCR","50","2017-06-26","Pseudanabaena","4",72402.8010361164
"FCR","50","2017-06-26","Rhodomonas","4",370.110165040851
"FCR","50","2017-06-26","Snowella","4",657.97362673929
"FCR","50","2017-06-26","Spondylosium","4",10075.2211594454
"FCR","50","2017-06-26","Synedra","4",2945.24311274043
"FCR","50","2017-07-05","Chlorophyte sp. 1","3",81389.9668492612
"FCR","50","2017-07-05","Chlorophyte sp. 4","3",2056.16758356028
"FCR","50","2017-07-05","Cryptomonas","3",17545.9633797144
"FCR","50","2017-07-05","Dolichospermum","3",1101638.56892962
"FCR","50","2017-07-05","Nitzchia","3",17180.5848243192
"FCR","50","2017-07-05","Oochromonas","3",3070.54359145002
"FCR","50","2017-07-05","Oocystis","3",2631.89450695716
"FCR","50","2017-07-05","Parvodinium","3",168066.409094775
"FCR","50","2017-07-05","Pseudanabaena","3",90862.0455175289
"FCR","50","2017-07-05","Rhodomonas","3",4274.77240622183
"FCR","50","2017-07-05","Selenastrum","3",102.808379178014
"FCR","50","2017-07-05","Staurastrum","3",15695.4125545102
"FCR","50","2017-07-05","Synedra","3",33209.786626787
"FCR","50","2017-07-05","Synura","3",7196.58654246099
"FCR","50","2017-07-10","Ankistrodesmus","3",3683.96692054551
"FCR","50","2017-07-10","Aphanocapsa","3",13.7077838904019
"FCR","50","2017-07-10","Chlorophyte sp. 1","3",35961.0139658642
"FCR","50","2017-07-10","Dolichospermum","3",6737.64993781034
"FCR","50","2017-07-10","Nitzchia","3",24109.0647162693
"FCR","50","2017-07-10","Parvodinium","3",82102.7716115621
"FCR","50","2017-07-10","Pseudanabaena","3",119920.833892195
"FCR","50","2017-07-10","Synedra","3",16035.2125026979
"FCR","50","2017-07-10","Synura","3",12090.2653913345
"FCR","50","2017-07-10","Trachelomonas","3",54831.1355616075
"FCR","50","2017-07-17","Ankistrodesmus","2",2467.40110027234
"FCR","50","2017-07-17","Aphanocapsa","2",411.233516712056
"FCR","50","2017-07-17","Chlorophyte sp. 1","2",337554.178301146
"FCR","50","2017-07-17","Cryptomonas","2",47977.2436164066
"FCR","50","2017-07-17","Dolichospermum","2",4465995.99149293
"FCR","50","2017-07-17","Nitzchia","2",68800.8791136165
"FCR","50","2017-07-17","Parvodinium","2",986407.742262475
"FCR","50","2017-07-17","Pseudanabaena","2",23029.0769358752
"FCR","50","2017-07-17","Rhodomonas","2",21754.2530340678
"FCR","50","2017-07-17","Selenastrum","2",205.616758356028
"FCR","50","2017-07-17","Spondylosium","2",5373.45128503754
"FCR","50","2017-07-17","Synedra","2",50498.1930243693
"FCR","50","2017-07-24","Aphanocapsa","0.1",1174.95290489159
"FCR","50","2017-07-24","Bambusina","0.1",11279.5478869593
"FCR","50","2017-07-24","Chlorophyte sp. 1","0.1",51691.9649292376
"FCR","50","2017-07-24","Cryptomonas","0.1",103591.681114609
"FCR","50","2017-07-24","Cyclotella","0.1",19586.944497157
"FCR","50","2017-07-24","Dolichospermum","0.1",10469833.9881903
"FCR","50","2017-07-24","Micractinium","0.1",541065.374053493
"FCR","50","2017-07-24","Nitzchia","0.1",78259.3169956743
"FCR","50","2017-07-24","Parvodinium","0.1",14275.6777944328
"FCR","50","2017-07-24","Pseudanabaena","0.1",21149.1522880486
"FCR","50","2017-07-24","Rhodomonas","0.1",12689.4913728292
"FCR","50","2017-07-24","Staurastrum","0.1",190929.847044883
"FCR","50","2017-07-24","Synedra","0.1",21037.4508052888
"FCR","50","2017-07-31","Ankistrodesmus","4",3785.2175970087
"FCR","50","2017-07-31","Aphanocapsa","4",373.848651556415
"FCR","50","2017-07-31","Chlorophyte sp. 1","4",12993.5460416034
"FCR","50","2017-07-31","Cyclotella","4",17145.1569342362
"FCR","50","2017-07-31","Dactylococcopsis","4",7476.9730311283
"FCR","50","2017-07-31","Dolichospermum","4",829221.232395566
"FCR","50","2017-07-31","Nitzchia","4",5354.98747770987
"FCR","50","2017-07-31","Parvodinium","4",18169.0444656418
"FCR","50","2017-07-31","Pseudanabaena","4",56226.8371940848
"FCR","50","2017-07-31","Rhodomonas","4",672.927572801547
"FCR","50","2017-07-31","Selenastrum","4",560.772977334623
"FCR","50","2017-07-31","Staurastrum","4",28262.958057665
"FCR","50","2017-08-07","Aphanocapsa","5",1540.10983709809
"FCR","50","2017-08-07","Chlorophyte sp. 1","5",14895.985349225
"FCR","50","2017-08-07","Cryptomonas","5",140896.150170093
"FCR","50","2017-08-07","Cyclotella","5",43498.8299853894
"FCR","50","2017-08-07","Dictyosphaerium","5",290.282482384981
"FCR","50","2017-08-07","Dolichospermum","5",1161.12992953992
"FCR","50","2017-08-07","Elakatothrix","5",1034.1313434965
"FCR","50","2017-08-07","Micractinium","5",1959.40675609862
"FCR","50","2017-08-07","Oocystis","5",5268.08949513484
"FCR","50","2017-08-07","Parvodinium","5",4031.70114423585
"FCR","50","2017-08-07","Pseudanabaena","5",6766.2830793367
"FCR","50","2017-08-07","Rhodomonas","5",19660.2842205791
"FCR","50","2017-08-07","Selenastrum","5",201.585057211792
"FCR","50","2017-08-07","Spondylosium","5",8063.4022884717
"FCR","50","2017-08-07","Staurodesmus","5",15831.1464930328
"FCR","50","2017-08-07","Synedra","5",1642.66282540643
"FCR","50","2017-08-07","Trachelomonas","5",40128.6503648998
"FCR","50","2017-08-14","Ankistrodesmus","5",732.628326696249
"FCR","50","2017-08-14","Aphanocapsa","5",231.977881222186
"FCR","50","2017-08-14","Chlorophyte sp. 1","5",6555.35222874171
"FCR","50","2017-08-14","Cryptomonas","5",87028.5527848036
"FCR","50","2017-08-14","Cyclotella","5",84125.4711135315
"FCR","50","2017-08-14","Desmid sp. 1","5",569.400253909001
"FCR","50","2017-08-14","Dictyosphaerium","5",478.015027972989
"FCR","50","2017-08-14","Gonyostomum","5",38443.304179813
"FCR","50","2017-08-14","Parvodinium","5",9258.0263505945
"FCR","50","2017-08-14","Pseudanabaena","5",88731.539567486
"FCR","50","2017-08-14","Rhodomonas","5",15444.1031831861
"FCR","50","2017-08-14","Selenastrum","5",84.3555931717039
"FCR","50","2017-08-14","Staurastrum","5",9832.69882907674
"FCR","50","2017-08-14","Synura","5",24603.7146750803
"FCR","50","2017-08-14","Trachelomonas","5",156419.662566031
"FCR","50","2017-08-14","unicell Cyanobacterium","5",602.791009539467
"FCR","50","2017-08-14","unicell Eukaryote","5",3861.02579579653
"FCR","50","2017-08-21","Ankistrodesmus","5",411.233516712057
"FCR","50","2017-08-21","Aphanocapsa","5",1468.829360868
"FCR","50","2017-08-21","Chlorophyte sp. 1","5",4516.07617042617
"FCR","50","2017-08-21","Cryptomonas","5",939401.687071301
"FCR","50","2017-08-21","Cyclotella","5",49862.0034258197
"FCR","50","2017-08-21","Dictyosphaerium","5",348.338978861977
"FCR","50","2017-08-21","Gloeocystis","5",2217.43562932972
"FCR","50","2017-08-21","Micractinium","5",174.169489430989
"FCR","50","2017-08-21","Parvodinium","5",16513.84788679
"FCR","50","2017-08-21","Pediastrum","5",1045.01693658593
"FCR","50","2017-08-21","Prorocentrum","5",266588.981100536
"FCR","50","2017-08-21","Pseudanabaena","5",21841.4859438003
"FCR","50","2017-08-21","Rhodomonas","5",362.853102981226
"FCR","50","2017-08-21","Selenastrum","5",24.1902068654151
"FCR","50","2017-08-21","Staurastrum","5",3693.03824812004
"FCR","50","2017-08-21","Synedra","5",985.597695243857
"FCR","50","2017-08-21","Trachelomonas","5",123568.737246005
"FCR","50","2017-08-28","Ankistrodesmus","5",1959.07078100327
"FCR","50","2017-08-28","Aphanocapsa","5",109651.304896103
"FCR","50","2017-08-28","Chlorophyte sp. 1","5",14212.2303375687
"FCR","50","2017-08-28","Cryptomonas","5",913143.324482392
"FCR","50","2017-08-28","Cyclotella","5",70756.4441013004
"FCR","50","2017-08-28","Elakatothrix","5",296.088132032681
"FCR","50","2017-08-28","Gloeocystis","5",9595.44872328132
"FCR","50","2017-08-28","Microcystis","5",8224.67033424113
"FCR","50","2017-08-28","Parvodinium","5",34877.5589518372
"FCR","50","2017-08-28","Pseudanabaena","5",15643.6930858917
"FCR","50","2017-08-28","Rhodomonas","5",10527.5780278286
"FCR","50","2017-08-28","Selenastrum","5",82.2467033424113
"FCR","50","2017-08-28","Spondylosium","5",24674.0110027234
"FCR","50","2017-08-28","Staurastrum","5",62507.4945402326
"FCR","50","2017-08-28","Trachelomonas","5",5483.11355616075
"FCR","50","2017-08-28","Woronichinia","5",44413.2198049021
"FCR","50","2017-09-04","Ankistrodesmus","5",2056.16758356028
"FCR","50","2017-09-04","Aphanocapsa","5",66345.6740295451
"FCR","50","2017-09-04","Chlorophyte sp. 1","5",36003.5857733665
"FCR","50","2017-09-04","Cryptomonas","5",346864.316637479
"FCR","50","2017-09-04","Cyclotella","5",38507.6323492392
"FCR","50","2017-09-04","Dolichospermum","5",7347.37216525541
"FCR","50","2017-09-04","Navicula","5",24674.0110027234
"FCR","50","2017-09-04","Pandorina","5",24988.1477168784
"FCR","50","2017-09-04","Parvodinium","5",172221.169853037
"FCR","50","2017-09-04","Prorocentrum","5",82532.2821734614
"FCR","50","2017-09-04","Pseudanabaena","5",91424.493025282
"FCR","50","2017-09-04","Rhodomonas","5",4146.60462684657
"FCR","50","2017-09-04","Selenastrum","5",171.347298630024
"FCR","50","2017-09-04","Staurastrum","5",31642.1344803443
"FCR","50","2017-09-04","Synedra","5",190895.38693688
"FCR","50","2017-09-11","Ankistrodesmus","1",183.586391389311
"FCR","50","2017-09-11","Aphanocapsa","1",12983.2295990521
"FCR","50","2017-09-11","Chlorophyte sp. 1","1",39378.3997383285
"FCR","50","2017-09-11","Cryptomonas","1",29745.8910421721
"FCR","50","2017-09-11","Cyclotella","1",86476.4603654645
"FCR","50","2017-09-11","Parvodinium","1",128433.867043119
"FCR","50","2017-09-11","Prorocentrum","1",146869.113111449
"FCR","50","2017-09-11","Pseudanabaena","1",75837.3352462277
"FCR","50","2017-09-11","Rhodomonas","1",5620.19139506477
"FCR","50","2017-09-18","Ankistrodesmus","3.8",1644.93406684823
"FCR","50","2017-09-18","Aphanocapsa","3.8",20333.2127707628
"FCR","50","2017-09-18","Ceratoneis","3.8",13898.5505495433
"FCR","50","2017-09-18","Chlorophyte sp. 1","3.8",42036.6190651198
"FCR","50","2017-09-18","Cryptomonas","3.8",102850.708814668
"FCR","50","2017-09-18","Cyclotella","3.8",30880.8955482974
"FCR","50","2017-09-18","Dolichospermum","3.8",70975.4780385284
"FCR","50","2017-09-18","Elakatothrix","3.8",986.960440108936
"FCR","50","2017-09-18","Pandorina","3.8",4934.80220054468
"FCR","50","2017-09-18","Parvodinium","3.8",55594.2021981732
"FCR","50","2017-09-18","Pseudanabaena","3.8",29579.2386595245
"FCR","50","2017-09-18","Rhodomonas","3.8",27614.8383429142
"FCR","50","2017-09-18","Selenastrum","3.8",274.155677808038
"FCR","50","2017-09-18","Spondylosium","3.8",4678.92356792384
"FCR","50","2017-09-18","Staurastrum","3.8",35640.2381150449
"FCR","50","2017-09-25","Ankistrodesmus","4",6785.35302574893
"FCR","50","2017-09-25","Aphanocapsa","4",10548.1397036643
"FCR","50","2017-09-25","Ceratoneis","4",11103.3049512255
"FCR","50","2017-09-25","Chlorophyte sp. 1","4",75752.3734225476
"FCR","50","2017-09-25","Cryptomonas","4",109657.39115215
"FCR","50","2017-09-25","Cyclotella","4",7722.05159159306
"FCR","50","2017-09-25","Dinobryon","4",20309.9002131261
"FCR","50","2017-09-25","Elakatothrix","4",2035.60590772468
"FCR","50","2017-09-25","Gloeodinium","4",267227.215518473
"FCR","50","2017-09-25","Micractinium","4",6853.89194520094
"FCR","50","2017-09-25","Parvodinium","4",180738.529348407
"FCR","50","2017-09-25","Pseudanabaena","4",705031.900523685
"FCR","50","2017-09-25","Rhodomonas","4",27223.0830794147
"FCR","50","2017-09-25","Selenastrum","4",411.233516712057
"FCR","50","2017-09-25","Staurastrum","4",12556.3300436081
"FCR","50","2017-09-25","Staurodesmus","4",111718.438706775
"FCR","50","2017-09-25","Synura","4",25854.004455577
"FCR","50","2018-05-07","Chlamydomonas","3.8",3289.86813369645
"FCR","50","2018-05-07","Chlorophyte sp. 1","3.8",9469.06278866919
"FCR","50","2018-05-07","Cryptomonas","3.8",25702.0947945035
"FCR","50","2018-05-07","Cyclotella","3.8",411.233516712057
"FCR","50","2018-05-07","Dinobryon","3.8",257.020947945035
"FCR","50","2018-05-07","Fragilaria","3.8",27488.9357189107
"FCR","50","2018-05-07","Oocystis","3.8",24564.3487316002
"FCR","50","2018-05-07","Parvodinium","3.8",12974.2651435555
"FCR","50","2018-05-07","Pseudanabaena","3.8",13021.0296290694
"FCR","50","2018-05-07","Rhodomonas","3.8",2398.86218082033
"FCR","50","2018-05-07","Tetraselmis","3.8",128418.174894322
"FCR","50","2018-05-14","Asterionella","3.8",27640.131301902
"FCR","50","2018-05-14","Chlamydomonas","3.8",1070.92061643765
"FCR","50","2018-05-14","Chlorophyte sp. 1","3.8",7077.26028369504
"FCR","50","2018-05-14","Dinobryon","3.8",29271.830182629
"FCR","50","2018-05-14","Elakatothrix","3.8",8181.77996355281
"FCR","50","2018-05-14","Gloeodinium","3.8",6853.89194520094
"FCR","50","2018-05-14","Nephroselmis","3.8",713.947077625098
"FCR","50","2018-05-14","Oocystis","3.8",31070.9768182443
"FCR","50","2018-05-14","Parvodinium","3.8",3137.08345908468
"FCR","50","2018-05-14","Pseudanabaena","3.8",1859.11819013576
"FCR","50","2018-05-14","Rhodomonas","3.8",32941.6967012764
"FCR","50","2018-05-14","Staurastrum","3.8",16277.9933698522
"FCR","50","2018-05-14","Tetraselmis","3.8",5711.57662100079
"FCR","50","2018-05-21","Aphanocapsa","2",39.5416842992362
"FCR","50","2018-05-21","Asterionella","2",59742.3656468844
"FCR","50","2018-05-21","Chlorophyte sp. 1","2",9345.3581145378
"FCR","50","2018-05-21","Chlorophyte sp. 3","2",506.133559030224
"FCR","50","2018-05-21","Cryptomonas","2",104188.50258511
"FCR","50","2018-05-21","Cyclotella","2",5354.89305453976
"FCR","50","2018-05-21","Dinobryon","2",23050.1658341681
"FCR","50","2018-05-21","Fragilaria","2",1006.92072230442
"FCR","50","2018-05-21","Nitzchia","2",1510.38108345663
"FCR","50","2018-05-21","Oocystis","2",13159.4725347858
"FCR","50","2018-05-21","Parvodinium","2",124857.771343691
"FCR","50","2018-05-21","Prorocentrum","2",17793.7579346563
"FCR","50","2018-05-21","Pseudanabaena","2",7473.37833255564
"FCR","50","2018-05-21","Rhodomonas","2",7779.90546924332
"FCR","50","2018-05-21","Selenastrum","2",197.708421496181
"FCR","50","2018-05-21","Staurastrum","2",138602.170833754
"FCR","50","2018-05-28","Ankistrodesmus","0.1",1588.85676911476
"FCR","50","2018-05-28","Chlorophyte sp. 1","0.1",42135.0235071825
"FCR","50","2018-05-28","Cryptomonas","0.1",618977.623434901
"FCR","50","2018-05-28","Cyclotella","0.1",3028.17407760696
"FCR","50","2018-05-28","Dinobryon","0.1",3504.83110834139
"FCR","50","2018-05-28","Navicula","0.1",4205.79733000967
"FCR","50","2018-05-28","Nitzchia","0.1",2379.99443453772
"FCR","50","2018-05-28","Oocystis","0.1",1395.70163247728
"FCR","50","2018-05-28","Parvodinium","0.1",152660.224549542
"FCR","50","2018-05-28","Pseudanabaena","0.1",25024.4941135575
"FCR","50","2018-05-28","Rhodomonas","0.1",4702.24964684401
"FCR","50","2018-05-28","Selenastrum","0.1",467.310814445519
"FCR","50","2018-05-28","Staurastrum","0.1",58619.4685640459
"FCR","50","2018-05-28","Synedra","0.1",2677.49373885494
"FCR","50","2018-06-04","Ankistrodesmus","3",1747.74244602624
"FCR","50","2018-06-04","Chlorophyte sp. 1","3",7589.23230421766
"FCR","50","2018-06-04","Cryptomonas","3",89132.0089590278
"FCR","50","2018-06-04","Cyclotella","3",3947.84176043574
"FCR","50","2018-06-04","Dictyosphaerium","3",1315.94725347858
"FCR","50","2018-06-04","Nitzchia","3",3141.59265358979
"FCR","50","2018-06-04","Oocystis","3",6729.96238880404
"FCR","50","2018-06-04","Parvodinium","3",66397.7636083286
"FCR","50","2018-06-04","Pseudanabaena","3",195801.128354007
"FCR","50","2018-06-04","Rhodomonas","3",9869.60440108936
"FCR","50","2018-06-04","Synedra","3",15707.963267949
"FCR","50","2018-06-11","Aphanocapsa","5",355.38698975116
"FCR","50","2018-06-11","Asterionella","5",14359.2800631707
"FCR","50","2018-06-11","Chlorophyte sp. 1","5",2152.62976649274
"FCR","50","2018-06-11","Cryptomonas","5",325723.264181018
"FCR","50","2018-06-11","Dolichospermum","5",1165.16163068416
"FCR","50","2018-06-11","Oocystis","5",1015.39139928903
"FCR","50","2018-06-11","Parvodinium","5",28573.6780823262
"FCR","50","2018-06-11","Pseudanabaena","5",18446.8218022618
"FCR","50","2018-06-11","Rhodomonas","5",6407.75434913832
"FCR","50","2018-06-11","Spondylosium","5",9138.52259360126
"FCR","50","2018-06-11","Synedra","5",1090.83078249646
"FCR","50","2018-06-18","Ankistrodesmus","5",3645.02435267505
"FCR","50","2018-06-18","Aphanocapsa","5",186.924325778208
"FCR","50","2018-06-18","Chlorophyte sp. 1","5",6565.38047917314
"FCR","50","2018-06-18","Cryptomonas","5",111144.082561768
"FCR","50","2018-06-18","Dinobryon","5",57343.9073496201
"FCR","50","2018-06-18","Dolichospermum","5",17610.9974680581
"FCR","50","2018-06-18","Elakatothrix","5",616.850275068085
"FCR","50","2018-06-18","Nitzchia","5",4462.48956475823
"FCR","50","2018-06-18","Oocystis","5",2881.12694132811
"FCR","50","2018-06-18","Parvodinium","5",102713.770545927
"FCR","50","2018-06-18","Pseudanabaena","5",37359.163060847
"FCR","50","2018-06-18","Rhodomonas","5",8556.94701574447
"FCR","50","2018-06-18","Staurastrum","5",43740.2922321006
"FCR","50","2018-06-25","Ankistrodesmus","0.1",1136.30313828331
"FCR","50","2018-06-25","Aphanocapsa","0.1",111.826658053279
"FCR","50","2018-06-25","Chlorophyte sp. 1","0.1",12286.0991207666
"FCR","50","2018-06-25","Cryptomonas","0.1",101332.267291711
"FCR","50","2018-06-25","Cyclotella","0.1",4368.59857964008
"FCR","50","2018-06-25","Dolichospermum","0.1",932107.841043605
"FCR","50","2018-06-25","Nitzchia","0.1",27902.3031733304
"FCR","50","2018-06-25","Parvodinium","0.1",208333.612264614
"FCR","50","2018-06-25","Pseudanabaena","0.1",4265.64590800006
"FCR","50","2018-06-25","Rhodomonas","0.1",7529.90212969076
"FCR","50","2018-06-25","Selenastrum","0.1",216.438693006346
"FCR","50","2018-06-25","Synedra","0.1",13503.3368443772
"FCR","50","2018-07-02","Ankistrodesmus","2",12070.3462678687
"FCR","50","2018-07-02","Aphanocapsa","2",4900.53274081867
"FCR","50","2018-07-02","Chlorophyte sp. 1","2",54482.3181542098
"FCR","50","2018-07-02","Cryptomonas","2",143174.432905041
"FCR","50","2018-07-02","Cyclotella","2",28284.0844007347
"FCR","50","2018-07-02","Dinobryon","2",227035.170684781
"FCR","50","2018-07-02","Parvodinium","2",121121.978455591
"FCR","50","2018-07-02","Pseudanabaena","2",7196.58654246099
"FCR","50","2018-07-02","Rhodomonas","2",30325.958763801
"FCR","50","2018-07-02","Selenastrum","2",64481.4154204505
"FCR","50","2018-07-02","Staurastrum","2",22275.1488219031
"FCR","50","2018-07-02","Trachelomonas","2",5848.6544599048
"FCR","50","2018-07-09","Ankistrodesmus","3",18299.8914936865
"FCR","50","2018-07-09","Aphanocapsa","3",178.201190575224
"FCR","50","2018-07-09","Chlorophyte sp. 1","3",39012.572276626
"FCR","50","2018-07-09","Cryptomonas","3",250962.429598399
"FCR","50","2018-07-09","Cyclotella","3",34333.4293841599
"FCR","50","2018-07-09","Dinobryon","3",471547.765829825
"FCR","50","2018-07-09","Parvodinium","3",187980.433264908
"FCR","50","2018-07-09","Pseudanabaena","3",16439.0598305645
"FCR","50","2018-07-09","Rhodomonas","3",45565.8936444621
"FCR","50","2018-07-09","Selenastrum","3",1763.68823544977
"FCR","50","2018-07-09","Staurastrum","3",145704.223460604
"FCR","50","2018-07-16","Aphanocapsa","3",205.616758356028
"FCR","50","2018-07-16","Chlorophyte sp. 1","3",30924.5205705286
"FCR","50","2018-07-16","Cryptomonas","3",94766.479295645
"FCR","50","2018-07-16","Cyclotella","3",21392.3675393612
"FCR","50","2018-07-16","Dinobryon","3",179113.717748809
"FCR","50","2018-07-16","Nitzchia","3",2945.24311274043
"FCR","50","2018-07-16","Parvodinium","3",136625.591697907
"FCR","50","2018-07-16","Pseudanabaena","3",35823.579724579
"FCR","50","2018-07-16","Rhodomonas","3",13707.7838904019
"FCR","50","2018-07-16","Staurodesmus","3",2063021.47550548
"FCR","50","2018-07-16","Trachelomonas","3",39971.8978244119
"FCR","50","2018-07-23","Aphanocapsa","0.1",205.616758356028
"FCR","50","2018-07-23","Chlorophyte sp. 1","0.1",25197.8128407434
"FCR","50","2018-07-23","Cryptomonas","0.1",99340.5896044341
"FCR","50","2018-07-23","Cyclotella","0.1",43533.4679426
"FCR","50","2018-07-23","Dolichospermum","0.1",1316975.33727036
"FCR","50","2018-07-23","Parvodinium","0.1",770337.976222981
"FCR","50","2018-07-23","Pseudanabaena","0.1",36472.3005971923
"FCR","50","2018-07-23","Rhodomonas","0.1",16445.2842834535
"FCR","50","2018-07-23","Staurastrum","0.1",66825.4464657092
"FCR","50","2018-07-23","Staurodesmus","0.1",442076.030465461
"FCR","50","2018-07-23","Trachelomonas","0.1",9992.97445610297
"FCR","50","2018-07-30","Actinotaenium","2",1850.55082520425
"FCR","50","2018-07-30","Ankistrodesmus","2",5757.26923396879
"FCR","50","2018-07-30","Aphanocapsa","2",548.311355616075
"FCR","50","2018-07-30","Chlorophyte sp. 1","2",19800.8938296855
"FCR","50","2018-07-30","Cryptomonas","2",253530.397855183
"FCR","50","2018-07-30","Cyclotella","2",116908.548382279
"FCR","50","2018-07-30","Dolichospermum","2",4989555.8048806
"FCR","50","2018-07-30","Nitzchia","2",2945.24311274043
"FCR","50","2018-07-30","Oocystis","2",6853.89194520094
"FCR","50","2018-07-30","Parvodinium","2",302187.547552554
"FCR","50","2018-07-30","Pseudanabaena","2",3562.31033851819
"FCR","50","2018-07-30","Rhodomonas","2",20171.0039947264
"FCR","50","2018-07-30","Selenastrum","2",8060.17692755631
"FCR","50","2018-07-30","Staurastrum","2",357433.6382942
"FCR","50","2018-07-30","Staurodesmus","2",147358.67682182
"FCR","50","2018-07-30","Trachelomonas","2",3509.19267594288
"FCR","50","2018-08-06","Ankistrodesmus","1",813.899668492612
"FCR","50","2018-08-06","Aphanocapsa","1",306.997243378792
"FCR","50","2018-08-06","Chlorophyte sp. 1","1",2414.87315798315
"FCR","50","2018-08-06","Closterium","1",7710.62843835106
"FCR","50","2018-08-06","Cosmarium","1",3084.25137534042
"FCR","50","2018-08-06","Cryptomonas","1",84521.3101738418
"FCR","50","2018-08-06","Cyclotella","1",12057.1482421917
"FCR","50","2018-08-06","Dolichospermum","1",589400.437827555
"FCR","50","2018-08-06","Oocystis","1",4934.80220054468
"FCR","50","2018-08-06","Parvodinium","1",10322.5289014701
"FCR","50","2018-08-06","Rhodomonas","1",2338.89062629982
"FCR","50","2018-08-06","Selenastrum","1",128.510473972518
"FCR","50","2018-08-06","Staurastrum","1",21110.7011382965
"FCR","50","2018-08-06","Staurodesmus","1",22489.3329451906
"FCR","50","2018-08-06","Trachelomonas","1",14278.941552502
"FCR","50","2018-08-13","Ankistrodesmus","2",2775.82623780638
"FCR","50","2018-08-13","Aphanocapsa","2",3118.52083506643
"FCR","50","2018-08-13","Chlorophyte sp. 1","2",97709.0835707846
"FCR","50","2018-08-13","Closterium","2",23131.8853150532
"FCR","50","2018-08-13","Cryptomonas","2",81081.5417117271
"FCR","50","2018-08-13","Cyclotella","2",6185.63748054385
"FCR","50","2018-08-13","Dolichospermum","2",0
"FCR","50","2018-08-13","Oocystis","2",23862.5101964116
"FCR","50","2018-08-13","Parvodinium","2",177323.01510807
"FCR","50","2018-08-13","Pseudanabaena","2",359.829327123049
"FCR","50","2018-08-13","Rhodomonas","2",8271.50526253334
"FCR","50","2018-08-13","Selenastrum","2",102.808379178014
"FCR","50","2018-08-13","Staurastrum","2",285267.550124195
"FCR","50","2018-08-13","Trachelomonas","2",39971.8978244119
"FCR","50","2018-08-20","Ankistrodesmus","4",3746.79426337652
"FCR","50","2018-08-20","Aphanocapsa","4",2206.26781716018
"FCR","50","2018-08-20","Chlorophyte sp. 1","4",21096.2794073285
"FCR","50","2018-08-20","Cryptomonas","4",586695.343754623
"FCR","50","2018-08-20","Cyclotella","4",4112.33516712057
"FCR","50","2018-08-20","Dolichospermum","4",26983.7725882561
"FCR","50","2018-08-20","Lepocinclis","4",85673.6493150118
"FCR","50","2018-08-20","Monomastix","4",822.467033424113
"FCR","50","2018-08-20","Oocystis","4",9650.27985884293
"FCR","50","2018-08-20","Parvodinium","4",191573.133760312
"FCR","50","2018-08-20","Pseudanabaena","4",40897.173237014
"FCR","50","2018-08-20","Rhodomonas","4",7336.56679479078
"FCR","50","2018-08-20","Selenastrum","4",102.808379178014
"FCR","50","2018-08-20","Staurastrum","4",534603.571725673
"FCR","50","2018-08-20","Trachelomonas","4",734544.450814582
"FCR","50","2018-08-20","Woronichinia","4",154212.568767021
"FCR","50","2018-08-27","Ankistrodesmus","3",17259.3793111791
"FCR","50","2018-08-27","Aphanocapsa","3",616.850275068085
"FCR","50","2018-08-27","Chlorophyte sp. 1","3",46935.4520407361
"FCR","50","2018-08-27","Cryptomonas","3",82246.7033424113
"FCR","50","2018-08-27","Cyclotella","3",5140.41895890071
"FCR","50","2018-08-27","Dolichospermum","3",37188.5751422905
"FCR","50","2018-08-27","Kirchneriella","3",4194.58187046298
"FCR","50","2018-08-27","Oocystis","3",3454.36154038128
"FCR","50","2018-08-27","Parvodinium","3",411918.803098198
"FCR","50","2018-08-27","Pediastrum","3",3084.25137534042
"FCR","50","2018-08-27","Prorocentrum","3",68538.9194520094
"FCR","50","2018-08-27","Pseudanabaena","3",44237.9636460221
"FCR","50","2018-08-27","Rhodomonas","3",14921.7452317359
"FCR","50","2018-08-27","Selenastrum","3",205.616758356028
"FCR","50","2018-08-27","Staurastrum","3",316649.807868283
"FCR","50","2018-08-27","Synedra","3",1570.7963267949
"FCR","50","2018-08-27","Trachelomonas","3",23131.8853150532
"FCR","50","2018-09-03","Ankistrodesmus","3.8",10494.6793464917
"FCR","50","2018-09-03","Chlorophyte sp. 1","3.8",41660.4226440316
"FCR","50","2018-09-03","Cryptomonas","3.8",188804.16141445
"FCR","50","2018-09-03","Cyclotella","3.8",86359.0385095319
"FCR","50","2018-09-03","Dolichospermum","3.8",85780.7413766555
"FCR","50","2018-09-03","Lepocinclis","3.8",328986.813369645
"FCR","50","2018-09-03","Microcystis","3.8",99929.7445610297
"FCR","50","2018-09-03","Oocystis","3.8",6141.08718290005
"FCR","50","2018-09-03","Parvodinium","3.8",301714.848332877
"FCR","50","2018-09-03","Pseudanabaena","3.8",159065.124264223
"FCR","50","2018-09-03","Rhodomonas","3.8",8697.58887845999
"FCR","50","2018-09-03","Selenastrum","3.8",514.041895890071
"FCR","50","2018-09-03","Staurastrum","3.8",555678.981032029
"FCR","50","2018-09-03","Synedra","3.8",16362.4617374468
"FCR","50","2018-09-03","Trachelomonas","3.8",107092.061643765
"FCR","50","2018-09-03","Woronichinia","3.8",41123.3516712057
"FCR","50","2018-09-10","Ankistrodesmus","3.8",9227.87703673869
"FCR","50","2018-09-10","Aphanocapsa","3.8",7923.09908865229
"FCR","50","2018-09-10","Chlorophyte sp. 1","3.8",94933.2573329782
"FCR","50","2018-09-10","Cryptomonas","3.8",687371.682765243
"FCR","50","2018-09-10","Cyclotella","3.8",12538.0529984209
"FCR","50","2018-09-10","Dolichospermum","3.8",155808.154811864
"FCR","50","2018-09-10","Nitzchia","3.8",5890.48622548086
"FCR","50","2018-09-10","Oocystis","3.8",6239.81064247872
"FCR","50","2018-09-10","Parvodinium","3.8",14804.406601634
"FCR","50","2018-09-10","Pseudanabaena","3.8",324895.03987836
"FCR","50","2018-09-10","Rhodomonas","3.8",12838.4602246944
"FCR","50","2018-09-10","Selenastrum","3.8",205.616758356028
"FCR","50","2018-09-10","Staurastrum","3.8",100077.872552254
"FCR","50","2018-09-10","Staurodesmus","3.8",116379.085229512
"FCR","50","2018-09-10","Trachelomonas","3.8",23131.8853150532
"FCR","50","2018-09-17","Ankistrodesmus","3.8",1850.55082520425
"FCR","50","2018-09-17","Aphanocapsa","3.8",7851.13322322768
"FCR","50","2018-09-17","Chlorophyte sp. 1","3.8",103521.183940315
"FCR","50","2018-09-17","Cryptomonas","3.8",88190.7199778994
"FCR","50","2018-09-17","Cyclotella","3.8",35808.1584677023
"FCR","50","2018-09-17","Dolichospermum","3.8",0
"FCR","50","2018-09-17","Elakatothrix","3.8",3238.46394410745
"FCR","50","2018-09-17","Nitzchia","3.8",11191.9238284136
"FCR","50","2018-09-17","Oocystis","3.8",740.220330081702
"FCR","50","2018-09-17","Parvodinium","3.8",10075.2211594454
"FCR","50","2018-09-17","Pseudanabaena","3.8",670824.674136542
"FCR","50","2018-09-17","Rhodomonas","3.8",8882.64396098042
"FCR","50","2018-09-17","Staurastrum","3.8",71965.8654246099
"FCR","50","2019-01-21","Asterionella","1",320773.361220074
"FCR","50","2019-01-21","Chlorophyte sp. 1","1",2235.42321905015
"FCR","50","2019-01-21","Cryptomonas","1",46420.2897971242
"FCR","50","2019-01-21","Dinobryon","1",40807.0181968118
"FCR","50","2019-01-21","Monomastix","1",949.000423181669
"FCR","50","2019-01-21","Parvodinium","1",20017.9776764883
"FCR","50","2019-01-21","Rhodomonas","1",35965.4552878447
"FCR","50","2019-02-27","Asterionella","4.4",1090866.95165888
"FCR","50","2019-02-27","Chlorophyte sp. 1","4.4",4584.87888912368
"FCR","50","2019-02-27","Cryptomonas","4.4",14855.810791223
"FCR","50","2019-02-27","Dinobryon","4.4",53974.3990684574
"FCR","50","2019-02-27","Fragilaria","4.4",12762.7201552085
"FCR","50","2019-02-27","Navicula","4.4",722.871416095412
"FCR","50","2019-02-27","Oocystis","4.4",479.772436164066
"FCR","50","2019-02-27","Parvodinium","4.4",23440.3104525872
"FCR","50","2019-02-27","Pseudanabaena","4.4",481.914277396941
"FCR","50","2019-02-27","Rhodomonas","4.4",2553.92934423927
"FCR","50","2019-02-27","Selenastrum","4.4",32.1276184931294
"FCR","50","2019-02-27","Synura","4.4",83085.9554173339
"FCR","50","2019-03-18","Ankistrodesmus","3.8",4037.10952381958
"FCR","50","2019-03-18","Asterionella","3.8",12642.3589815653
"FCR","50","2019-03-18","Chlorophyte sp. 1","3.8",5034.26554611724
"FCR","50","2019-03-18","Dinobryon","3.8",21486.3243678441
"FCR","50","2019-03-18","Parvodinium","3.8",34876.1328073746
"FCR","50","2019-03-18","Rhodomonas","3.8",4996.90849165397
"FCR","50","2019-03-18","Synedra","3.8",5188.09762406851
"FCR","50","2019-03-18","Synura","3.8",117953.808695946
"FCR","50","2019-03-18","Trachelomonas","3.8",1711.80130533799
"FCR","50","2019-03-18","Woronichinia","3.8",401.203430938592
"FCR","50","2019-04-01","Ankistrodesmus","6.2",3122.80451753218
"FCR","50","2019-04-01","Chlorophyte sp. 1","6.2",8149.02906926091
"FCR","50","2019-04-01","Cryptomonas","6.2",10480.564612767
"FCR","50","2019-04-01","Cyclotella","6.2",33587.6402668728
"FCR","50","2019-04-01","Dinobryon","6.2",2077.9875911202
"FCR","50","2019-04-01","Dolichospermum","6.2",1295.38557764298
"FCR","50","2019-04-01","Elakatothrix","6.2",1542.12568767021
"FCR","50","2019-04-01","Navicula","6.2",1963.49540849362
"FCR","50","2019-04-01","Nitzchia","6.2",4090.61543436171
"FCR","50","2019-04-01","Parvodinium","6.2",9843.28545601979
"FCR","50","2019-04-01","Pseudanabaena","6.2",3606.32517585378
"FCR","50","2019-04-01","Rhodomonas","6.2",994.338864600963
"FCR","50","2019-04-01","Synura","6.2",63658.9483870264
"FCR","50","2019-04-01","Trachelomonas","6.2",7345.44450814582
"FCR","50","2019-04-15","Ankistrodesmus","3.8",5537.6019971251
"FCR","50","2019-04-15","Chlorophyte sp. 1","3.8",28599.1321113608
"FCR","50","2019-04-15","Cryptomonas","3.8",29985.7772602541
"FCR","50","2019-04-15","Oocystis","3.8",761.543549466771
"FCR","50","2019-04-15","Parvodinium","3.8",54492.5875689743
"FCR","50","2019-04-15","Pseudanabaena","3.8",16627.2420012849
"FCR","50","2019-04-15","Rhodomonas","3.8",2669.59091265577
"FCR","50","2019-04-22","Ankistrodesmus","3.8",44546.4594643168
"FCR","50","2019-04-22","Chlorophyte sp. 1","3.8",10668.7432786563
"FCR","50","2019-04-22","Parvodinium","3.8",23131.8853150532
"FCR","50","2019-04-22","Pseudanabaena","3.8",17269.108981953
"FCR","50","2019-04-22","Rhodomonas","3.8",3490.8927844492
"FCR","50","2019-04-29","Ankistrodesmus","6",7350.79911122801
"FCR","50","2019-04-29","Aphanocapsa","6",365.54090374405
"FCR","50","2019-04-29","Chlorophyte sp. 1","6",6632.37415753205
"FCR","50","2019-04-29","Nitzchia","6",2945.24311274043
"FCR","50","2019-04-29","Parvodinium","6",23515.3194460355
"FCR","50","2019-04-29","Pseudanabaena","6",20464.222059507
"FCR","50","2019-04-29","Rhodomonas","6",6374.16063238855
"FCR","50","2019-05-06","Ankistrodesmus","6.2",19500.2063754265
"FCR","50","2019-05-06","Aphanocapsa","6.2",360.731155010576
"FCR","50","2019-05-06","Chlorophyte sp. 1","6.2",5881.28139043833
"FCR","50","2019-05-06","Cryptomonas","6.2",56743.0106831636
"FCR","50","2019-05-06","Cyclotella","6.2",3246.58039509518
"FCR","50","2019-05-06","Nitzchia","6.2",5511.56605892946
"FCR","50","2019-05-06","Parvodinium","6.2",7917.61597509613
"FCR","50","2019-05-06","Pseudanabaena","6.2",15976.0501202598
"FCR","50","2019-05-06","Rhodomonas","6.2",1980.41404100806
"FCR","50","2019-05-06","Synura","6.2",1082.19346503173
"FCR","50","2019-05-13","Ankistrodesmus","3",668.254464657092
"FCR","50","2019-05-13","Aphanocapsa","3",456.926129680063
"FCR","50","2019-05-13","Chlorophyte sp. 1","3",18265.2739847602
"FCR","50","2019-05-13","Cryptomonas","3",196223.362367291
"FCR","50","2019-05-13","Dinobryon","3",877.298168985721
"FCR","50","2019-05-13","Nitzchia","3",2945.24311274043
"FCR","50","2019-05-13","Parvodinium","3",53370.3792791108
"FCR","50","2019-05-13","Pseudanabaena","3",15078.1339111955
"FCR","50","2019-05-13","Rhodomonas","3",452.356868383262
"FCR","50","2019-05-13","Schroederia","3",2631.89450695716
"FCR","50","2019-05-13","Synura","3",1370.77838904019
"FCR","50","2019-05-20","Ankistrodesmus","5",668.254464657092
"FCR","50","2019-05-20","Asterionella","5",7315.32358060427
"FCR","50","2019-05-20","Chlorophyte sp. 1","5",26381.6170575185
"FCR","50","2019-05-20","Cryptomonas","5",163946.047258643
"FCR","50","2019-05-20","Parvodinium","5",12184.6967914683
"FCR","50","2019-05-20","Pseudanabaena","5",268946.719929685
"FCR","50","2019-05-20","Rhodomonas","5",2035.33175204687
"FCR","50","2019-05-20","Synura","5",7018.38535188576
"FCR","50","2019-05-27","Ankistrodesmus","4.5",3916.23770313287
"FCR","50","2019-05-27","Asterionella","4.5",39015.0590965561
"FCR","50","2019-05-27","Chlorophyte sp. 1","4.5",14434.2964365932
"FCR","50","2019-05-27","Cryptomonas","4.5",108771.265170339
"FCR","50","2019-05-27","Dinobryon","4.5",4556.06120860987
"FCR","50","2019-05-27","Dolichospermum","4.5",12389.2664274439
"FCR","50","2019-05-27","Monomastix","4.5",274.155677808038
"FCR","50","2019-05-27","Parvodinium","4.5",26632.6534154801
"FCR","50","2019-05-27","Pseudanabaena","4.5",21165.8892473969
"FCR","50","2019-05-27","Rhodomonas","4.5",8966.94683190639
"FCR","50","2019-05-27","Synedra","4.5",49087.3852123405
"FCR","50","2019-06-03","Ankistrodesmus","5",481.914277396941
"FCR","50","2019-06-03","Asterionella","5",23996.3464624022
"FCR","50","2019-06-03","Chlorophyte sp. 1","5",16269.4260049207
"FCR","50","2019-06-03","Cryptomonas","5",210757.177314929
"FCR","50","2019-06-03","Dinobryon","5",856.736493150118
"FCR","50","2019-06-03","Nitzchia","5",4676.93697995356
"FCR","50","2019-06-03","Parvodinium","5",14483.1304167027
"FCR","50","2019-06-03","Pseudanabaena","5",137249.186202649
"FCR","50","2019-06-03","Rhodomonas","5",1443.60099095795
"FCR","50","2019-06-03","Schroederia","5",1070.92061643765
"FCR","50","2019-06-03","Snowella","5",1233.70055013617
"FCR","50","2019-06-03","Synedra","5",17453.2925199433
"FCR","50","2019-06-10","Ankistrodesmus","0.1",257.020947945035
"FCR","50","2019-06-10","Aphanocapsa","0.1",863.590385095319
"FCR","50","2019-06-10","Chlorophyte sp. 1","0.1",12879.8337434216
"FCR","50","2019-06-10","Cryptomonas","0.1",54735.1810743747
"FCR","50","2019-06-10","Dinobryon","0.1",18642.5860909466
"FCR","50","2019-06-10","Dolichospermum","0.1",1609636.52333044
"FCR","50","2019-06-10","Parvodinium","0.1",39965.5812775952
"FCR","50","2019-06-10","Pseudanabaena","0.1",61.6850275068085
"FCR","50","2019-06-10","Rhodomonas","0.1",7315.29747403897
"FCR","50","2019-06-17","Aphanocapsa","3",2324.61168474732
"FCR","50","2019-06-17","Chlorophyte sp. 1","3",25451.8591995843
"FCR","50","2019-06-17","Cryptomonas","3",15352.7179572501
"FCR","50","2019-06-17","Dinobryon","3",7425.04960730102
"FCR","50","2019-06-17","Dolichospermum","3",924270.175116831
"FCR","50","2019-06-17","Nitzchia","3",6544.98469497874
"FCR","50","2019-06-17","Parvodinium","3",45442.2174489416
"FCR","50","2019-06-17","Pseudanabaena","3",23455.7317094639
"FCR","50","2019-06-17","Rhodomonas","3",17575.6635781436
"FCR","50","2019-06-17","Selenastrum","3",514.041895890071
"FCR","50","2019-06-17","Synedra","3",81812.3086872342
"FCR","50","2019-06-24","Ankistrodesmus","2.5",2168.97122182505
"FCR","50","2019-06-24","Aphanocapsa","2.5",54899.6744810595
"FCR","50","2019-06-24","Chlorophyte sp. 1","2.5",34675.5528237579
"FCR","50","2019-06-24","Cryptomonas","2.5",23166.1547747792
"FCR","50","2019-06-24","Dinobryon","2.5",2056.16758356028
"FCR","50","2019-06-24","Dolichospermum","2.5",2199670.94616293
"FCR","50","2019-06-24","Monomastix","2.5",603.142491177683
"FCR","50","2019-06-24","Nitzchia","2.5",3534.29173528852
"FCR","50","2019-06-24","Parvodinium","2.5",36367.2583569358
"FCR","50","2019-06-24","Pseudanabaena","2.5",10116.3445111166
"FCR","50","2019-06-24","Rhodomonas","2.5",20583.1285173913
"FCR","50","2019-06-24","Selenastrum","2.5",843.028709259716
"FCR","50","2019-06-24","Spondylosium","2.5",32898.6813369645
"FCR","50","2019-07-01","Ankistrodesmus","3",11565.9426575266
"FCR","50","2019-07-01","Aphanocapsa","3",65016.0189921761
"FCR","50","2019-07-01","Asterionella","3",7464.75770951718
"FCR","50","2019-07-01","Chlorophyte sp. 1","3",40148.2553180539
"FCR","50","2019-07-01","Cryptomonas","3",101437.600788974
"FCR","50","2019-07-01","Cyclotella","3",16449.3406684823
"FCR","50","2019-07-01","Dinobryon","3",10425.5311922001
"FCR","50","2019-07-01","Dolichospermum","3",4997375.49244758
"FCR","50","2019-07-01","Monomastix","3",274.155677808038
"FCR","50","2019-07-01","Nitzchia","3",15398.8945462416
"FCR","50","2019-07-01","Oocystis","3",3070.54359145002
"FCR","50","2019-07-01","Parvodinium","3",10527.5780278286
"FCR","50","2019-07-01","Pseudanabaena","3",78167.2668566277
"FCR","50","2019-07-01","Rhodomonas","3",14051.3557858309
"FCR","50","2019-07-01","Selenastrum","3",873.87122301312
"FCR","50","2019-07-01","Spondylosium","3",115145.384679376
"FCR","50","2019-07-01","Staurastrum","3",5997.15545205082
"FCR","50","2019-07-01","Staurodesmus","3",9595.44872328132
"FCR","50","2019-07-08","Aphanocapsa","2.4",9050.56431363784
"FCR","50","2019-07-08","Asterionella","2.4",24548.9053420324
"FCR","50","2019-07-08","Chlorophyte sp. 1","2.4",34855.4949028872
"FCR","50","2019-07-08","Cryptomonas","2.4",30842.5137534042
"FCR","50","2019-07-08","Cyclotella","2.4",25808.6798080187
"FCR","50","2019-07-08","Dictyosphaerium","2.4",8772.9816898572
"FCR","50","2019-07-08","Dolichospermum","2.4",1065390.89641626
"FCR","50","2019-07-08","Nitzchia","2.4",0
"FCR","50","2019-07-08","Oocystis","2.4",7934.23666306324
"FCR","50","2019-07-08","Parvodinium","2.4",26647.9318829413
"FCR","50","2019-07-08","Rhodomonas","2.4",59014.7512049582
"FCR","50","2019-07-08","Selenastrum","2.4",185.055082520425
"FCR","50","2019-07-08","Spondylosium","2.4",287863.461698439
"FCR","50","2019-07-15","Ankistrodesmus","3",5880.63928898241
"FCR","50","2019-07-15","Aphanocapsa","3",7529.00030180323
"FCR","50","2019-07-15","Chlorophyte sp. 1","3",39652.1226418166
"FCR","50","2019-07-15","Cryptomonas","3",74289.0135178481
"FCR","50","2019-07-15","Cyclotella","3",234385.997211577
"FCR","50","2019-07-15","Dolichospermum","3",1493863.32214888
"FCR","50","2019-07-15","Oocystis","3",14033.0558943372
"FCR","50","2019-07-15","Parvodinium","3",49680.2438558146
"FCR","50","2019-07-15","Pseudanabaena","3",3084.25137534042
"FCR","50","2019-07-15","Rhodomonas","3",19647.366650113
"FCR","50","2019-07-15","Spondylosium","3",41047.197316259
"FCR","50","2019-07-15","Staurastrum","3",53460.3571725673
"FCR","50","2019-07-22","Ankistrodesmus","0.3",1912.23585271106
"FCR","50","2019-07-22","Aphanocapsa","0.3",2261.78434191631
"FCR","50","2019-07-22","Chlorophyte sp. 1","0.3",4441.32198049021
"FCR","50","2019-07-22","Coccomyxa","0.3",169087.399108392
"FCR","50","2019-07-22","Cryptomonas","0.3",16198.4196843685
"FCR","50","2019-07-22","Cyclotella","0.3",84198.3353660234
"FCR","50","2019-07-22","Dolichospermum","0.3",377589.131931454
"FCR","50","2019-07-22","Dunaliella","0.3",3358.40705314846
"FCR","50","2019-07-22","Nephrocytium","0.3",16961.0979337239
"FCR","50","2019-07-22","Parvodinium","0.3",39178.3694458675
"FCR","50","2019-07-22","Pseudanabaena","0.3",5654.46085479078
"FCR","50","2019-07-22","Spondylosium","0.3",57572.6923396879
"FCR","50","2019-07-22","Tetraspora","0.3",2570.20947945035
"FCR","50","2019-07-22","Trachelomonas","0.3",822.467033424113
"FCR","50","2019-07-22","Volvulina","0.3",13707.7838904019
"FCR","50","2019-07-29","Ankistrodesmus","3.2",1827.4189398892
"FCR","50","2019-07-29","Aphanocapsa","3.2",8985.45234015843
"FCR","50","2019-07-29","Coccomyxa","3.2",448764.332381266
"FCR","50","2019-07-29","Cryptomonas","3.2",22206.6099024511
"FCR","50","2019-07-29","Cyclotella","3.2",128179.842225081
"FCR","50","2019-07-29","Dinobryon","3.2",10075.2211594454
"FCR","50","2019-07-29","Dolichospermum","3.2",571208.837826603
"FCR","50","2019-07-29","Nitzchia","3.2",2945.24311274043
"FCR","50","2019-07-29","Parvodinium","3.2",16836.5855633861
"FCR","50","2019-07-29","Pseudanabaena","3.2",60789.9777576847
"FCR","50","2019-07-29","Spondylosium","3.2",246740.110027234
"FCR","50","2019-07-29","Staurastrum","3.2",5997.15545205082
"FCR","50","2019-07-29","Synura","3.2",32187.5900476499
"FCR","50","2019-08-05","Aphanocapsa","5",548.311355616075
"FCR","50","2019-08-05","Chlorophyte sp. 1","5",35035.7796766137
"FCR","50","2019-08-05","Cryptomonas","5",72150.9205071303
"FCR","50","2019-08-05","Cyclotella","5",22739.5685401099
"FCR","50","2019-08-05","Dolichospermum","5",85495.4481244365
"FCR","50","2019-08-05","Parvodinium","5",10527.5780278286
"FCR","50","2019-08-05","Pseudanabaena","5",879525.683867911
"FCR","50","2019-08-05","Rhodomonas","5",13323.9659414706
"FCR","50","2019-08-12","Ankistrodesmus","2",12807.4701830323
"FCR","50","2019-08-12","Chlorophyte sp. 1","2",145645.20383552
"FCR","50","2019-08-12","Cryptomonas","2",170091.226976578
"FCR","50","2019-08-12","Cyclotella","2",56413.0138225599
"FCR","50","2019-08-12","Dolichospermum","2",2069532.67285342
"FCR","50","2019-08-12","Nitzchia","2",7853.98163397448
"FCR","50","2019-08-12","Oocystis","2",5263.78901391432
"FCR","50","2019-08-12","Parvodinium","2",41106.9023305372
"FCR","50","2019-08-12","Prorocentrum","2",59217.6264065361
"FCR","50","2019-08-12","Pseudanabaena","2",57814.2920307562
"FCR","50","2019-08-12","Rhodomonas","2",54713.2006429065
"FCR","50","2019-08-12","Spondylosium","2",6853.89194520094
"FCR","50","2019-08-12","Staurodesmus","2",7505.01167999503
"FCR","50","2019-08-12","Trachelomonas","2",23131.8853150532
"FCR","50","2019-08-19","Aphanocapsa","2",68.5389194520094
"FCR","50","2019-08-19","Chlorophyte sp. 1","2",63398.5004931087
"FCR","50","2019-08-19","Cryptomonas","2",162317.707225738
"FCR","50","2019-08-19","Cyclotella","2",17848.6769406275
"FCR","50","2019-08-19","Dolichospermum","2",1818814.5639412
"FCR","50","2019-08-19","Nephrocytium","2",17545.9633797144
"FCR","50","2019-08-19","Nitzchia","2",4417.86466911065
"FCR","50","2019-08-19","Oocystis","2",5263.78901391432
"FCR","50","2019-08-19","Parvodinium","2",35438.0483026614
"FCR","50","2019-08-19","Pseudanabaena","2",66419.353367956
"FCR","50","2019-08-19","Rhodomonas","2",16792.0352657423
"FCR","50","2019-08-19","Tetraspora","2",6853.89194520094
"FCR","50","2019-08-19","Trachelomonas","2",14725.1584760177
"FCR","50","2019-08-28","Ankistrodesmus","3.8",15729.6820142362
"FCR","50","2019-08-28","Aphanocapsa","3.8",335.840705314846
"FCR","50","2019-08-28","Chlorophyte sp. 1","3.8",10381.5078826925
"FCR","50","2019-08-28","Cryptomonas","3.8",176748.494469655
"FCR","50","2019-08-28","Cyclotella","3.8",13113.3136706651
"FCR","50","2019-08-28","Dolichospermum","3.8",4353934.8581889
"FCR","50","2019-08-28","Monomastix","3.8",2580.10954559342
"FCR","50","2019-08-28","Oocystis","3.8",877.298168985721
"FCR","50","2019-08-28","Pseudanabaena","3.8",40033.5828519187
"FCR","50","2019-08-28","Rhodomonas","3.8",3870.16431839013
"FCR","50","2019-08-28","Staurastrum","3.8",45208.2712705454
"FCR","50","2019-09-02","Ankistrodesmus","3.25",2248.93329451906
"FCR","50","2019-09-02","Aphanocapsa","3.25",913.852259360126
"FCR","50","2019-09-02","Chlorophyte sp. 1","3.25",6660.84065541112
"FCR","50","2019-09-02","Cryptomonas","3.25",484340.728777472
"FCR","50","2019-09-02","Cyclotella","3.25",8358.70199894728
"FCR","50","2019-09-02","Dolichospermum","3.25",785532.780509814
"FCR","50","2019-09-02","Euglena","3.25",44550.2976438061
"FCR","50","2019-09-02","Microcystis","3.25",74022.0330081702
"FCR","50","2019-09-02","Parvodinium","3.25",9138.52259360126
"FCR","50","2019-09-02","Prorocentrum","3.25",92527.5412602127
"FCR","50","2019-09-02","Pseudanabaena","3.25",82608.5888371179
"FCR","50","2019-09-02","Rhodomonas","3.25",78575.301890432
"FCR","50","2019-09-02","Trachelomonas","3.25",13822.0154228219
"FCR","50","2019-09-11","Ankistrodesmus","3.8",6643.47746248327
"FCR","50","2019-09-11","Aphanocapsa","3.8",548.311355616075
"FCR","50","2019-09-11","Chlorophyte sp. 1","3.8",2425.55397761172
"FCR","50","2019-09-11","Cryptomonas","3.8",177033.726036847
"FCR","50","2019-09-11","Cyclotella","3.8",1052.75780278286
"FCR","50","2019-09-11","Dolichospermum","3.8",2019773.41733127
"FCR","50","2019-09-11","Euglena","3.8",3906.71840876454
"FCR","50","2019-09-11","Microcystis","3.8",29608.8132032681
"FCR","50","2019-09-11","Nitzchia","3.8",3534.29173528852
"FCR","50","2019-09-11","Parvodinium","3.8",11809.4271688799
"FCR","50","2019-09-11","Pseudanabaena","3.8",48455.8097675883
"FCR","50","2019-09-11","Rhodomonas","3.8",14826.1197313164
"FCR","50","2019-09-11","Selenastrum","3.8",74.0220330081702
"FCR","50","2019-09-11","Trachelomonas","3.8",17587.5579364569
"FCR","50","2019-09-27","Ankistrodesmus","1.8",970.968025570134
"FCR","50","2019-09-27","Aphanocapsa","1.8",76.1543549466771
"FCR","50","2019-09-27","Chlorophyte sp. 1","1.8",9611.10605865836
"FCR","50","2019-09-27","Cryptomonas","1.8",232305.052047091
"FCR","50","2019-09-27","Cyclotella","1.8",94163.3368044674
"FCR","50","2019-09-27","Dolichospermum","1.8",8556947.01574447
"FCR","50","2019-09-27","Nitzchia","1.8",2454.36926061703
"FCR","50","2019-09-27","Oocystis","1.8",2924.3272299524
"FCR","50","2019-09-27","Pseudanabaena","1.8",1599.24145388022
"FCR","50","2019-09-27","Rhodomonas","1.8",6716.81410629692
"FCR","50","2019-09-27","Selenastrum","1.8",182.770451872025
"FCR","50","2019-09-27","Staurastrum","1.8",18562.6240182526
"FCR","50","2019-09-27","Trachelomonas","1.8",6579.73626739291
"FCR","50","2019-10-04","Ankistrodesmus","1.6",154.212568767021
"FCR","50","2019-10-04","Chlorophyte sp. 1","1.6",13817.4461615251
"FCR","50","2019-10-04","Cryptomonas","1.6",3509.19267594288
"FCR","50","2019-10-04","Cyclotella","1.6",22687.9054257141
"FCR","50","2019-10-04","Dolichospermum","1.6",10166876.8856502
"FCR","50","2019-10-04","Nitzchia","1.6",4908.73852123405
"FCR","50","2019-10-04","Oocystis","1.6",3655.4090374405
"FCR","50","2019-10-04","Parvodinium","1.6",4569.26129680063
"FCR","50","2019-10-04","Pseudanabaena","1.6",685.389194520094
"FCR","50","2019-10-04","Rhodomonas","1.6",5213.24508648305
"FCR","50","2019-10-04","Schroederia","1.6",5483.11355616075
"FCR","50","2019-10-04","Selenastrum","1.6",68.5389194520094
"FCR","50","2019-10-11","Ankistrodesmus","2.5",2917.01641187752
"FCR","50","2019-10-11","Aphanocapsa","2.5",95.1929436833464
"FCR","50","2019-10-11","Chlorophyte sp. 1","2.5",14393.173084922
"FCR","50","2019-10-11","Cryptomonas","2.5",611248.741489982
"FCR","50","2019-10-11","Cyclotella","2.5",12953.8557764298
"FCR","50","2019-10-11","Dolichospermum","2.5",9523674.76683118
"FCR","50","2019-10-11","Nitzchia","2.5",1636.24617374468
"FCR","50","2019-10-11","Peridinium","2.5",86744.5699314494
"FCR","50","2019-10-11","Pseudanabaena","2.5",913.852259360126
"FCR","50","2019-10-11","Rhodomonas","2.5",1584.01058289088
"FCR","50","2019-10-11","Synechococcus","2.5",913.852259360126
"FCR","50","2019-10-11","Trachelomonas","2.5",19739.2088021787
"FCR","50","2019-10-16","Ankistrodesmus","0.1",1372.98686533364
"FCR","50","2019-10-16","Chlamydomonas","0.1",1403.67707037715
"FCR","50","2019-10-16","Chlorophyte sp. 1","0.1",19105.207347907
"FCR","50","2019-10-16","Cryptomonas","0.1",100929.04200664
"FCR","50","2019-10-16","Cyclotella","0.1",17442.2597983231
"FCR","50","2019-10-16","Dolichospermum","0.1",3708444.63608292
"FCR","50","2019-10-16","Euglena","0.1",2686.72564251877
"FCR","50","2019-10-16","Fragilaria","0.1",26179.9387799149
"FCR","50","2019-10-16","Pseudanabaena","0.1",822.467033424113
"FCR","50","2019-10-16","Rhodomonas","0.1",1765.26270731116
"FCR","50","2019-10-16","Synechococcus","0.1",0
"FCR","50","2019-10-16","Trachelomonas","0.1",13490.515515739
"FCR","50","2019-10-23","Ankistrodesmus","1.6",2699.56727522928
"FCR","50","2019-10-23","Chlorophyte sp. 1","1.6",21526.8725326735
"FCR","50","2019-10-23","Cryptomonas","1.6",484939.216245833
"FCR","50","2019-10-23","Cyclotella","1.6",17858.9284884087
"FCR","50","2019-10-23","Dolichospermum","1.6",7240725.60658808
"FCR","50","2019-10-23","Pseudanabaena","1.6",1107.16716037861
"FCR","50","2019-10-23","Rhodomonas","1.6",21663.5707714082
"FCR","50","2019-10-23","Selenastrum","1.6",363.783495552973
"FCR","50","2019-10-23","Staurastrum","1.6",64136.6119333611
"FCR","50","2019-10-30","Ankistrodesmus","0.85",217.479263645799
"FCR","50","2019-10-30","Chlorophyte sp. 1","0.85",56557.3884202733
"FCR","50","2019-10-30","Cryptomonas","0.85",424266.271329225
"FCR","50","2019-10-30","Cyclotella","0.85",116737.712489432
"FCR","50","2019-10-30","Dolichospermum","0.85",20110373.4121342
"FCR","50","2019-10-30","Monomastix","0.85",949.000423181669
"FCR","50","2019-10-30","Rhodomonas","0.85",19396.4483021115
"FCR","50","2019-10-30","Selenastrum","0.85",308.425137534042
"FCR","50","2019-11-08","Chlorophyte sp. 1","3.8",45214.5979400333
"FCR","50","2019-11-08","Cryptomonas","3.8",1122140.27816659
"FCR","50","2019-11-08","Cyclotella","3.8",145632.655941036
"FCR","50","2019-11-08","Dolichospermum","3.8",3589634.16959142
"FCR","50","2019-11-08","Prorocentrum","3.8",13215.8344802455
"FCR","50","2019-11-08","Rhodomonas","3.8",6476.63498684971
"FCR","50","2019-11-08","Selenastrum","3.8",363.783495552973
"FCR","50","2019-11-20","Aphanocapsa","5",5140.41895890071
"FCR","50","2019-11-20","Chlorophyte sp. 1","5",6913.88920181625
"FCR","50","2019-11-20","Cryptomonas","5",1085913.50506777
"FCR","50","2019-11-20","Cyclotella","5",26684.6858784974
"FCR","50","2019-11-20","Dolichospermum","5",3444272.61143794
"FCR","50","2019-11-20","Eudorina","5",2141.84123287529
"FCR","50","2019-11-20","Prorocentrum","5",18407.7694546277
"FCR","50","2019-11-20","Pseudanabaena","5",1285.10473972518
"FCR","50","2019-11-20","Rhodomonas","5",3436.04879784019
"FCR","50","2019-11-20","Selenastrum","5",83.5318080821365
